image,labels
0001.jpg,"[1.25, 1.0, 1.25]"
0002.jpg,"[3.0, 0.5, 0.0]"
0003.jpg,"[0.75, 1.25, 2.0]"
0004.jpg,"[0.0, 2.5, 2.25]"
0005.jpg,"[0.0, 1.5, 3.0]"
0006.jpg,"[4.25, 0.25, 0.0]"
0007.jpg,"[2.5, 1.0, 0.0]"
0008.jpg,"[1.5, 1.75, 1.0]"
0009.jpg,"[1.0, 2.75, 1.0]"
0010.jpg,"[0.0, 3.25, 3.5]"
0011.jpg,"[3.5, 0.25, 0.25]"
0012.jpg,"[2.75, 0.25, 0.5]"
0013.jpg,"[1.25, 2.25, 1.75]"
0014.jpg,"[2.75, 0.25, 0.0]"
0015.jpg,"[0.0, 2.25, 2.75]"
0016.jpg,"[3.5, 0.25, 0.0]"
0017.jpg,"[4.5, 0.5, 0.0]"
0018.jpg,"[0.75, 2.0, 1.75]"
0019.jpg,"[2.0, 0.5, 1.0]"
0020.jpg,"[4.75, 0.25, 0.25]"
0021.jpg,"[0.25, 1.5, 2.0]"
0022.jpg,"[1.0, 1.75, 1.25]"
0023.jpg,"[0.0, 1.0, 4.0]"
0024.jpg,"[0.0, 2.0, 3.0]"
0025.jpg,"[0.0, 1.5, 3.75]"
0026.jpg,"[0.0, 1.25, 3.0]"
0027.jpg,"[1.25, 1.0, 0.25]"
0028.jpg,"[2.75, 0.25, 0.0]"
0029.jpg,"[2.0, 0.25, 0.5]"
0030.jpg,"[0.0, 1.75, 4.25]"
0031.jpg,"[1.0, 1.5, 0.25]"
0032.jpg,"[1.75, 1.0, 1.0]"
0033.jpg,"[0.0, 2.75, 2.25]"
0034.jpg,"[1.5, 4.0, 0.25]"
0035.jpg,"[0.0, 3.5, 1.0]"
0036.jpg,"[1.75, 0.75, 1.0]"
0037.jpg,"[4.75, 0.25, 0.0]"
0038.jpg,"[3.0, 0.25, 0.75]"
0039.jpg,"[0.5, 0.75, 3.25]"
0040.jpg,"[0.0, 2.5, 2.25]"
0041.jpg,"[4.5, 0.25, 0.0]"
0042.jpg,"[2.25, 0.75, 0.75]"
0043.jpg,"[0.0, 2.25, 3.75]"
0044.jpg,"[3.0, 0.75, 0.25]"
0045.jpg,"[0.0, 3.5, 1.5]"
0046.jpg,"[0.0, 1.75, 2.0]"
0047.jpg,"[4.0, 0.25, 0.0]"
0048.jpg,"[0.0, 1.0, 3.25]"
0049.jpg,"[0.25, 1.5, 3.25]"
0050.jpg,"[0.0, 4.75, 0.25]"
0051.jpg,"[2.0, 1.0, 0.5]"
0052.jpg,"[0.0, 1.75, 2.5]"
0053.jpg,"[3.5, 0.25, 0.0]"
0054.jpg,"[0.0, 2.0, 3.0]"
0055.jpg,"[0.0, 2.0, 4.0]"
0056.jpg,"[0.75, 1.5, 1.0]"
0057.jpg,"[0.0, 1.0, 1.75]"
0058.jpg,"[0.0, 2.5, 1.5]"
0059.jpg,"[3.5, 0.25, 0.0]"
0060.jpg,"[3.0, 0.75, 0.25]"
0061.jpg,"[4.75, 0.0, 0.0]"
0062.jpg,"[3.75, 0.5, 0.0]"
0063.jpg,"[0.25, 1.0, 1.75]"
0064.jpg,"[0.0, 3.25, 0.75]"
0065.jpg,"[0.25, 1.25, 1.0]"
0066.jpg,"[0.0, 2.75, 1.5]"
0067.jpg,"[3.25, 0.25, 0.0]"
0068.jpg,"[0.0, 2.0, 1.25]"
0069.jpg,"[0.5, 1.5, 0.75]"
0070.jpg,"[0.5, 1.25, 1.25]"
0071.jpg,"[3.0, 0.75, 0.0]"
0072.jpg,"[2.25, 0.75, 0.5]"
0073.jpg,"[0.25, 1.75, 1.75]"
0074.jpg,"[0.25, 1.0, 1.25]"
0075.jpg,"[2.25, 1.75, 0.25]"
0076.jpg,"[0.0, 0.25, 3.25]"
0077.jpg,"[0.25, 2.0, 1.25]"
0078.jpg,"[0.5, 2.75, 0.75]"
0079.jpg,"[2.5, 0.5, 0.0]"
0080.jpg,"[1.0, 0.25, 0.5]"
0081.jpg,"[4.75, 0.0, 0.0]"
0082.jpg,"[0.5, 1.25, 2.0]"
0083.jpg,"[0.0, 2.25, 1.75]"
0084.jpg,"[0.25, 3.0, 1.5]"
0085.jpg,"[0.0, 1.25, 1.75]"
0086.jpg,"[2.25, 0.5, 0.25]"
0087.jpg,"[0.0, 1.5, 2.5]"
0088.jpg,"[0.25, 2.25, 1.5]"
0089.jpg,"[2.75, 0.5, 1.75]"
0090.jpg,"[0.0, 0.25, 1.75]"
0091.jpg,"[0.0, 1.25, 3.0]"
0092.jpg,"[0.0, 4.0, 0.25]"
0093.jpg,"[3.0, 0.5, 0.0]"
0094.jpg,"[0.0, 2.0, 2.0]"
0095.jpg,"[0.25, 0.25, 3.25]"
0096.jpg,"[3.5, 0.0, 0.0]"
0097.jpg,"[3.0, 0.5, 0.0]"
0098.jpg,"[0.0, 2.25, 1.75]"
0099.jpg,"[0.0, 1.0, 2.75]"
0100.jpg,"[0.25, 1.0, 2.25]"
0101.jpg,"[3.75, 0.0, 0.0]"
0102.jpg,"[0.0, 0.25, 3.0]"
0103.jpg,"[0.0, 2.0, 3.25]"
0104.jpg,"[3.25, 0.0, 0.0]"
0105.jpg,"[3.0, 0.25, 0.0]"
0106.jpg,"[2.5, 0.0, 0.25]"
0107.jpg,"[0.0, 2.75, 1.25]"
0108.jpg,"[2.75, 0.0, 0.25]"
0109.jpg,"[0.0, 1.5, 1.75]"
0110.jpg,"[0.25, 1.25, 2.0]"
0111.jpg,"[2.25, 0.5, 0.0]"
0112.jpg,"[0.0, 1.25, 2.0]"
0113.jpg,"[1.0, 0.75, 0.0]"
0114.jpg,"[2.5, 0.0, 0.0]"
0115.jpg,"[0.0, 0.5, 1.0]"
0116.jpg,"[3.75, 0.0, 0.0]"
0117.jpg,"[2.25, 0.25, 0.5]"
0118.jpg,"[2.25, 0.25, 0.5]"
0119.jpg,"[0.0, 1.25, 1.5]"
0120.jpg,"[3.25, 0.0, 0.0]"
0121.jpg,"[0.25, 0.5, 1.0]"
0122.jpg,"[0.75, 1.0, 0.5]"
0123.jpg,"[3.0, 0.25, 0.0]"
0124.jpg,"[0.25, 0.75, 1.0]"
0125.jpg,"[0.0, 1.5, 2.5]"
0126.jpg,"[0.0, 1.0, 2.75]"
0127.jpg,"[1.75, 0.5, 0.75]"
0128.jpg,"[0.0, 1.0, 2.5]"
0129.jpg,"[2.25, 0.5, 0.0]"
0130.jpg,"[0.5, 0.75, 2.0]"
0131.jpg,"[0.5, 1.25, 1.0]"
0132.jpg,"[2.75, 0.0, 0.0]"
0133.jpg,"[0.0, 1.5, 1.5]"
0134.jpg,"[2.25, 0.75, 0.0]"
0135.jpg,"[0.0, 0.5, 3.0]"
0136.jpg,"[0.0, 1.5, 3.0]"
0137.jpg,"[0.0, 1.25, 1.0]"
0138.jpg,"[0.0, 1.75, 1.75]"
0139.jpg,"[0.0, 2.0, 1.0]"
0140.jpg,"[0.0, 0.5, 3.25]"
0141.jpg,"[3.0, 0.25, 0.0]"
0142.jpg,"[2.5, 0.25, 0.25]"
0143.jpg,"[0.25, 2.0, 1.75]"
0144.jpg,"[0.0, 1.5, 2.25]"
0145.jpg,"[0.0, 1.5, 1.75]"
0146.jpg,"[0.0, 3.0, 1.5]"
0147.jpg,"[3.75, 0.25, 0.0]"
0148.jpg,"[0.0, 1.5, 1.0]"
0149.jpg,"[1.0, 1.0, 0.25]"
0150.jpg,"[3.0, 0.25, 0.0]"
0151.jpg,"[0.75, 1.0, 0.25]"
0152.jpg,"[0.0, 1.5, 2.25]"
0153.jpg,"[0.0, 2.0, 0.25]"
0154.jpg,"[2.25, 0.25, 0.25]"
0155.jpg,"[2.0, 0.75, 0.25]"
0156.jpg,"[2.0, 0.5, 0.25]"
0157.jpg,"[0.25, 1.25, 1.5]"
0158.jpg,"[0.0, 1.5, 0.5]"
0159.jpg,"[2.75, 0.0, 0.0]"
0160.jpg,"[1.0, 1.5, 0.25]"
0161.jpg,"[0.0, 1.5, 0.75]"
0162.jpg,"[0.25, 1.75, 1.0]"
0163.jpg,"[0.5, 1.0, 0.5]"
0164.jpg,"[2.5, 0.0, 0.0]"
0165.jpg,"[4.75, 0.25, 0.0]"
0166.jpg,"[3.75, 0.0, 0.0]"
0167.jpg,"[2.25, 0.25, 0.25]"
0168.jpg,"[1.0, 1.75, 0.75]"
0169.jpg,"[0.0, 2.5, 0.75]"
0170.jpg,"[0.25, 2.0, 1.0]"
0171.jpg,"[3.25, 0.0, 0.0]"
0172.jpg,"[0.0, 1.25, 2.0]"
0173.jpg,"[1.5, 1.0, 0.0]"
0174.jpg,"[0.0, 2.75, 1.0]"
0175.jpg,"[0.25, 2.5, 1.0]"
0176.jpg,"[2.5, 0.0, 0.25]"
0177.jpg,"[0.0, 0.75, 2.0]"
0178.jpg,"[0.5, 0.5, 1.25]"
0179.jpg,"[4.0, 0.25, 0.0]"
0180.jpg,"[0.75, 0.75, 0.75]"
0181.jpg,"[0.75, 2.0, 1.0]"
0182.jpg,"[1.0, 0.75, 1.5]"
0183.jpg,"[0.25, 1.75, 1.5]"
0184.jpg,"[2.0, 0.5, 0.5]"
0185.jpg,"[0.75, 1.25, 0.25]"
0186.jpg,"[3.0, 0.0, 0.0]"
0187.jpg,"[4.25, 0.0, 0.0]"
0188.jpg,"[0.0, 1.5, 2.25]"
0189.jpg,"[1.75, 1.0, 0.0]"
0190.jpg,"[3.5, 0.25, 0.0]"
0191.jpg,"[4.0, 0.25, 0.0]"
0192.jpg,"[0.0, 1.0, 2.5]"
0193.jpg,"[0.75, 2.25, 0.75]"
0194.jpg,"[0.0, 0.75, 1.75]"
0195.jpg,"[0.0, 0.0, 3.25]"
0196.jpg,"[1.5, 0.75, 0.0]"
0197.jpg,"[0.0, 2.25, 0.75]"
0198.jpg,"[0.5, 1.0, 0.0]"
0199.jpg,"[2.25, 0.5, 0.0]"
0200.jpg,"[0.0, 2.25, 1.0]"
0201.jpg,"[3.75, 0.0, 0.0]"
0202.jpg,"[1.25, 0.75, 1.0]"
0203.jpg,"[0.25, 0.75, 3.0]"
0204.jpg,"[4.0, 0.0, 0.0]"
0205.jpg,"[2.5, 0.25, 0.5]"
0206.jpg,"[0.0, 0.75, 1.75]"
0207.jpg,"[2.25, 0.5, 0.5]"
0208.jpg,"[0.5, 0.75, 2.0]"
0209.jpg,"[3.0, 0.75, 0.0]"
0210.jpg,"[1.25, 1.0, 0.0]"
0211.jpg,"[3.0, 0.25, 0.0]"
0212.jpg,"[0.0, 2.0, 1.25]"
0213.jpg,"[1.75, 0.75, 0.0]"
0214.jpg,"[2.5, 0.25, 0.0]"
0215.jpg,"[4.0, 0.0, 0.0]"
0216.jpg,"[0.25, 1.5, 2.25]"
0217.jpg,"[1.0, 1.75, 1.75]"
0218.jpg,"[0.25, 1.5, 1.25]"
0219.jpg,"[0.5, 0.5, 1.75]"
0220.jpg,"[0.75, 1.25, 1.75]"
0221.jpg,"[3.0, 1.8, 0.4]"
0222.jpg,"[4.2, 0.6, 0.2]"
0223.jpg,"[3.2, 1.0, 0.4]"
0224.jpg,"[2.0, 1.0, 1.0]"
0225.jpg,"[1.0, 2.6, 2.2]"
0226.jpg,"[2.2, 0.8, 3.4]"
0227.jpg,"[0.4, 3.2, 2.0]"
0228.jpg,"[2.8, 1.2, 0.2]"
0229.jpg,"[3.4, 0.8, 0.0]"
0230.jpg,"[1.2, 3.0, 1.4]"
0231.jpg,"[3.2, 1.0, 1.4]"
0232.jpg,"[0.2, 3.8, 2.4]"
0233.jpg,"[0.0, 2.0, 4.8]"
0234.jpg,"[0.4, 2.8, 3.6]"
0235.jpg,"[4.0, 1.2, 0.4]"
0236.jpg,"[0.0, 2.6, 4.4]"
0237.jpg,"[0.0, 3.6, 2.8]"
0238.jpg,"[4.2, 0.8, 1.0]"
0239.jpg,"[0.4, 3.2, 2.8]"
0240.jpg,"[1.0, 2.8, 4.2]"
0241.jpg,"[4.2, 1.2, 1.4]"
0242.jpg,"[1.0, 1.8, 3.0]"
0243.jpg,"[3.8, 1.0, 0.0]"
0244.jpg,"[0.6, 3.0, 2.8]"
0245.jpg,"[4.4, 0.8, 0.4]"
0246.jpg,"[0.6, 1.6, 2.8]"
0247.jpg,"[4.6, 0.0, 0.0]"
0248.jpg,"[0.6, 2.2, 2.6]"
0249.jpg,"[0.8, 2.4, 2.6]"
0250.jpg,"[3.4, 2.2, 0.6]"
0251.jpg,"[4.2, 1.0, 1.0]"
0252.jpg,"[1.2, 1.8, 1.8]"
0253.jpg,"[3.8, 0.8, 1.2]"
0254.jpg,"[1.6, 2.8, 1.8]"
0255.jpg,"[1.6, 1.8, 2.2]"
0256.jpg,"[3.6, 1.0, 0.4]"
0257.jpg,"[3.6, 1.6, 0.8]"
0258.jpg,"[3.4, 1.0, 1.8]"
0259.jpg,"[1.0, 3.0, 2.8]"
0260.jpg,"[3.0, 1.4, 0.8]"
0261.jpg,"[2.4, 1.4, 0.2]"
0262.jpg,"[2.0, 1.4, 2.4]"
0263.jpg,"[1.0, 2.8, 2.6]"
0264.jpg,"[0.8, 1.4, 3.2]"
0265.jpg,"[4.6, 0.4, 0.2]"
0266.jpg,"[3.4, 2.0, 0.8]"
0267.jpg,"[0.4, 3.4, 3.4]"
0268.jpg,"[1.2, 2.0, 3.6]"
0269.jpg,"[0.8, 2.2, 4.2]"
0270.jpg,"[1.6, 2.4, 2.0]"
0271.jpg,"[3.6, 1.6, 1.0]"
0272.jpg,"[3.6, 1.4, 1.6]"
0273.jpg,"[0.8, 2.2, 3.2]"
0274.jpg,"[4.0, 1.2, 0.2]"
0275.jpg,"[1.0, 3.8, 2.8]"
0276.jpg,"[0.4, 2.4, 4.2]"
0277.jpg,"[3.6, 1.4, 1.0]"
0278.jpg,"[2.4, 2.0, 2.2]"
0279.jpg,"[2.4, 1.4, 1.2]"
0280.jpg,"[2.8, 2.6, 1.0]"
0281.jpg,"[0.6, 1.2, 2.2]"
0282.jpg,"[3.2, 0.8, 1.4]"
0283.jpg,"[0.4, 2.2, 2.8]"
0284.jpg,"[1.0, 3.4, 3.2]"
0285.jpg,"[2.2, 2.2, 1.4]"
0286.jpg,"[1.6, 1.2, 1.2]"
0287.jpg,"[0.8, 1.8, 3.4]"
0288.jpg,"[0.6, 3.4, 2.4]"
0289.jpg,"[3.0, 2.6, 0.8]"
0290.jpg,"[1.2, 2.0, 2.8]"
0291.jpg,"[3.6, 1.6, 0.4]"
0292.jpg,"[4.2, 0.6, 1.0]"
0293.jpg,"[3.4, 1.2, 1.0]"
0294.jpg,"[3.4, 2.0, 0.8]"
0295.jpg,"[0.8, 2.6, 2.0]"
0296.jpg,"[0.8, 3.2, 2.4]"
0297.jpg,"[4.2, 0.6, 0.8]"
0298.jpg,"[0.6, 2.4, 2.4]"
0299.jpg,"[1.8, 1.6, 3.0]"
0300.jpg,"[1.0, 2.8, 2.8]"
0301.jpg,"[3.0, 1.6, 2.2]"
0302.jpg,"[1.2, 2.0, 0.8]"
0303.jpg,"[1.0, 1.8, 2.8]"
0304.jpg,"[3.4, 0.8, 0.8]"
0305.jpg,"[1.8, 3.8, 1.8]"
0306.jpg,"[3.6, 1.4, 0.8]"
0307.jpg,"[3.6, 1.2, 0.4]"
0308.jpg,"[1.6, 1.8, 3.2]"
0309.jpg,"[1.0, 2.8, 2.2]"
0310.jpg,"[3.0, 2.2, 0.8]"
0311.jpg,"[1.4, 1.4, 2.6]"
0312.jpg,"[4.0, 1.4, 0.6]"
0313.jpg,"[10.8, 1.0, 1.0]"
0314.jpg,"[4.0, 0.8, 0.8]"
0315.jpg,"[0.4, 2.2, 3.4]"
0316.jpg,"[4.0, 1.2, 0.4]"
0317.jpg,"[1.4, 2.2, 2.2]"
0318.jpg,"[0.6, 1.4, 3.8]"
0319.jpg,"[2.6, 2.6, 1.4]"
0320.jpg,"[3.2, 0.8, 0.8]"
0321.jpg,"[1.4, 2.8, 1.8]"
0322.jpg,"[3.8, 1.2, 0.2]"
0323.jpg,"[0.6, 3.4, 2.6]"
0324.jpg,"[0.4, 3.4, 2.8]"
0325.jpg,"[1.0, 2.4, 2.8]"
0326.jpg,"[0.6, 4.0, 2.0]"
0327.jpg,"[0.6, 2.2, 2.8]"
0328.jpg,"[0.8, 3.4, 1.6]"
0329.jpg,"[1.6, 2.0, 2.0]"
0330.jpg,"[1.0, 2.8, 2.6]"
0331.jpg,"[2.4, 2.2, 1.2]"
0332.jpg,"[1.0, 2.6, 2.2]"
0333.jpg,"[1.2, 1.2, 4.0]"
0334.jpg,"[4.6, 1.0, 0.6]"
0335.jpg,"[4.0, 1.2, 0.8]"
0336.jpg,"[3.2, 2.6, 1.2]"
0337.jpg,"[0.8, 3.0, 3.8]"
0338.jpg,"[3.8, 1.6, 1.0]"
0339.jpg,"[0.8, 2.6, 2.4]"
0340.jpg,"[3.4, 2.2, 0.8]"
0341.jpg,"[3.2, 2.2, 0.4]"
0342.jpg,"[4.2, 0.8, 0.8]"
0343.jpg,"[1.4, 3.2, 2.0]"
0344.jpg,"[1.6, 3.0, 3.0]"
0345.jpg,"[4.2, 1.2, 0.8]"
0346.jpg,"[0.8, 3.2, 3.2]"
0347.jpg,"[1.2, 2.4, 2.0]"
0348.jpg,"[2.0, 2.6, 2.4]"
0349.jpg,"[2.4, 3.4, 2.6]"
0350.jpg,"[0.8, 2.2, 3.2]"
0351.jpg,"[3.4, 1.4, 0.4]"
0352.jpg,"[0.6, 2.2, 3.4]"
0353.jpg,"[0.4, 2.4, 3.0]"
0354.jpg,"[3.4, 1.0, 1.0]"
0355.jpg,"[0.8, 3.4, 1.6]"
0356.jpg,"[0.6, 1.6, 3.0]"
0357.jpg,"[1.6, 2.2, 2.6]"
0358.jpg,"[3.2, 1.4, 2.6]"
0359.jpg,"[0.8, 2.6, 2.8]"
0360.jpg,"[2.6, 2.0, 1.4]"
0361.jpg,"[0.6, 1.2, 3.2]"
0362.jpg,"[4.4, 0.8, 1.0]"
0363.jpg,"[3.8, 1.2, 0.4]"
0364.jpg,"[3.0, 1.4, 0.8]"
0365.jpg,"[1.8, 2.2, 2.0]"
0366.jpg,"[0.4, 2.6, 3.2]"
0367.jpg,"[0.8, 2.2, 2.8]"
0368.jpg,"[0.6, 2.4, 2.2]"
0369.jpg,"[3.6, 0.8, 0.4]"
0370.jpg,"[3.4, 1.6, 1.6]"
0371.jpg,"[0.6, 1.4, 3.0]"
0372.jpg,"[0.6, 2.4, 2.6]"
0373.jpg,"[0.4, 2.2, 4.0]"
0374.jpg,"[1.0, 3.0, 2.8]"
0375.jpg,"[3.6, 1.4, 1.0]"
0376.jpg,"[4.2, 0.6, 0.6]"
0377.jpg,"[1.6, 1.8, 2.0]"
0378.jpg,"[1.0, 1.4, 2.6]"
0379.jpg,"[4.0, 0.8, 0.4]"
0380.jpg,"[4.2, 1.0, 0.2]"
0381.jpg,"[0.8, 2.2, 2.2]"
0382.jpg,"[3.0, 1.8, 1.2]"
0383.jpg,"[3.8, 1.0, 1.0]"
0384.jpg,"[3.6, 1.2, 0.8]"
0385.jpg,"[1.2, 3.6, 2.8]"
0386.jpg,"[0.8, 2.8, 1.2]"
0387.jpg,"[0.6, 2.0, 4.2]"
0388.jpg,"[2.2, 1.4, 2.0]"
0389.jpg,"[0.6, 3.0, 2.0]"
0390.jpg,"[0.8, 2.4, 2.4]"
0391.jpg,"[1.4, 2.2, 1.8]"
0392.jpg,"[0.8, 3.4, 1.8]"
0393.jpg,"[4.2, 0.8, 0.6]"
0394.jpg,"[2.4, 1.4, 0.8]"
0395.jpg,"[0.4, 2.0, 2.8]"
0396.jpg,"[4.2, 1.0, 0.8]"
0397.jpg,"[4.0, 0.8, 1.0]"
0398.jpg,"[3.6, 1.0, 0.2]"
0399.jpg,"[0.8, 4.0, 0.6]"
0400.jpg,"[1.0, 1.2, 3.8]"
0401.jpg,"[2.0, 2.4, 2.0]"
0402.jpg,"[2.8, 1.2, 1.4]"
0403.jpg,"[4.8, 1.0, 0.4]"
0404.jpg,"[3.8, 1.0, 1.0]"
0405.jpg,"[4.2, 0.6, 0.4]"
0406.jpg,"[3.2, 0.8, 0.8]"
0407.jpg,"[3.2, 1.4, 0.8]"
0408.jpg,"[0.8, 2.6, 2.8]"
0409.jpg,"[2.2, 1.6, 1.0]"
0410.jpg,"[1.0, 1.6, 2.4]"
0411.jpg,"[1.4, 2.4, 1.8]"
0412.jpg,"[1.4, 1.4, 3.2]"
0413.jpg,"[0.8, 2.6, 2.6]"
0414.jpg,"[2.6, 1.2, 1.6]"
0415.jpg,"[1.0, 1.8, 2.6]"
0416.jpg,"[3.4, 1.0, 1.2]"
0417.jpg,"[3.4, 1.0, 1.0]"
0418.jpg,"[4.6, 0.6, 0.2]"
0419.jpg,"[0.8, 2.4, 3.6]"
0420.jpg,"[3.0, 1.4, 0.8]"
0421.jpg,"[0.8, 3.2, 2.0]"
0422.jpg,"[0.8, 3.0, 2.2]"
0423.jpg,"[3.4, 2.6, 0.4]"
0424.jpg,"[3.0, 1.2, 1.4]"
0425.jpg,"[1.0, 1.4, 3.2]"
0426.jpg,"[0.6, 3.0, 3.2]"
0427.jpg,"[3.6, 0.8, 0.4]"
0428.jpg,"[4.4, 1.0, 0.4]"
0429.jpg,"[0.6, 3.4, 2.6]"
0430.jpg,"[0.6, 2.0, 3.4]"
0431.jpg,"[3.2, 2.0, 1.2]"
0432.jpg,"[1.0, 1.8, 3.0]"
0433.jpg,"[0.8, 2.8, 2.2]"
0434.jpg,"[0.6, 2.0, 2.8]"
0435.jpg,"[4.6, 0.4, 1.2]"
0436.jpg,"[0.6, 2.8, 3.6]"
0437.jpg,"[4.0, 0.8, 0.4]"
0438.jpg,"[4.4, 1.0, 0.2]"
0439.jpg,"[2.4, 1.8, 2.0]"
0440.jpg,"[0.6, 2.6, 1.4]"
0441.jpg,"[4.4, 1.4, 0.8]"
0442.jpg,"[0.6, 3.6, 4.2]"
0443.jpg,"[2.0, 3.2, 1.4]"
0444.jpg,"[4.6, 1.0, 0.6]"
0445.jpg,"[3.6, 0.8, 1.4]"
0446.jpg,"[1.6, 2.6, 3.6]"
0447.jpg,"[1.0, 3.2, 3.4]"
0448.jpg,"[0.8, 4.2, 2.6]"
0449.jpg,"[3.4, 2.0, 2.0]"
0450.jpg,"[2.6, 2.8, 1.8]"
0451.jpg,"[2.4, 2.2, 2.0]"
0452.jpg,"[0.8, 3.2, 3.4]"
0453.jpg,"[1.4, 2.0, 3.0]"
0454.jpg,"[3.2, 1.4, 1.2]"
0455.jpg,"[3.2, 1.8, 2.2]"
0456.jpg,"[2.2, 2.2, 2.2]"
0457.jpg,"[0.6, 3.4, 4.0]"
0458.jpg,"[4.0, 1.2, 1.4]"
0459.jpg,"[0.8, 4.2, 3.0]"
0460.jpg,"[4.0, 1.8, 1.0]"
0461.jpg,"[1.2, 2.2, 3.8]"
0462.jpg,"[3.6, 2.2, 1.0]"
0463.jpg,"[0.8, 3.2, 3.6]"
0464.jpg,"[2.2, 3.8, 1.6]"
0465.jpg,"[3.2, 2.2, 1.6]"
0466.jpg,"[3.8, 1.4, 0.8]"
0467.jpg,"[1.6, 3.4, 2.6]"
0468.jpg,"[1.2, 4.2, 3.2]"
0469.jpg,"[4.4, 1.4, 1.2]"
0470.jpg,"[0.6, 3.8, 4.0]"
0471.jpg,"[1.2, 3.4, 2.4]"
0472.jpg,"[3.6, 1.2, 1.8]"
0473.jpg,"[3.6, 1.8, 1.4]"
0474.jpg,"[4.6, 1.2, 1.0]"
0475.jpg,"[1.4, 2.4, 3.6]"
0476.jpg,"[0.8, 3.0, 3.0]"
0477.jpg,"[4.4, 1.2, 1.0]"
0478.jpg,"[1.0, 3.4, 2.0]"
0479.jpg,"[1.2, 3.0, 4.2]"
0480.jpg,"[2.8, 2.0, 1.4]"
0481.jpg,"[1.0, 2.8, 4.4]"
0482.jpg,"[3.8, 1.6, 2.2]"
0483.jpg,"[4.2, 1.6, 1.2]"
0484.jpg,"[4.4, 1.0, 1.2]"
0485.jpg,"[1.6, 1.8, 4.0]"
0486.jpg,"[3.6, 1.2, 1.0]"
0487.jpg,"[2.8, 2.4, 2.0]"
0488.jpg,"[0.8, 2.4, 4.6]"
0489.jpg,"[3.8, 1.6, 1.8]"
0490.jpg,"[4.8, 1.2, 1.0]"
0491.jpg,"[1.0, 4.0, 3.4]"
0492.jpg,"[1.0, 3.2, 3.6]"
0493.jpg,"[4.6, 0.8, 1.4]"
0494.jpg,"[1.0, 1.8, 4.6]"
0495.jpg,"[4.8, 1.4, 1.2]"
0496.jpg,"[1.8, 3.4, 1.6]"
0497.jpg,"[3.6, 2.6, 1.4]"
0498.jpg,"[1.2, 3.4, 3.8]"
0499.jpg,"[0.8, 2.0, 2.8]"
0500.jpg,"[2.4, 2.2, 2.0]"
0501.jpg,"[1.0, 5.0, 2.2]"
0502.jpg,"[1.2, 2.6, 3.2]"
0503.jpg,"[1.0, 4.2, 2.8]"
0504.jpg,"[1.6, 3.2, 2.8]"
0505.jpg,"[3.6, 2.0, 1.8]"
0506.jpg,"[5.0, 0.8, 1.0]"
0507.jpg,"[3.4, 1.8, 1.6]"
0508.jpg,"[0.6, 3.0, 4.0]"
0509.jpg,"[0.8, 3.0, 4.2]"
0510.jpg,"[1.0, 1.6, 3.8]"
0511.jpg,"[4.2, 1.2, 1.4]"
0512.jpg,"[2.4, 2.2, 1.8]"
0513.jpg,"[0.8, 3.0, 3.0]"
0514.jpg,"[4.0, 1.4, 1.6]"
0515.jpg,"[0.8, 4.6, 3.8]"
0516.jpg,"[4.2, 1.2, 0.8]"
0517.jpg,"[1.2, 3.2, 4.0]"
0518.jpg,"[1.2, 2.8, 3.2]"
0519.jpg,"[3.8, 1.2, 1.0]"
0520.jpg,"[0.8, 2.8, 2.4]"
0521.jpg,"[1.0, 2.4, 1.8]"
0522.jpg,"[1.2, 4.0, 2.2]"
0523.jpg,"[1.0, 3.0, 2.8]"
0524.jpg,"[3.2, 1.8, 1.0]"
0525.jpg,"[4.4, 1.0, 1.2]"
0526.jpg,"[4.8, 0.8, 0.8]"
0527.jpg,"[2.8, 1.8, 1.6]"
0528.jpg,"[4.2, 1.0, 1.2]"
0529.jpg,"[3.4, 0.8, 1.6]"
0530.jpg,"[4.4, 1.4, 1.4]"
0531.jpg,"[2.2, 2.2, 2.0]"
0532.jpg,"[3.4, 2.4, 2.2]"
0533.jpg,"[2.8, 1.8, 2.6]"
0534.jpg,"[2.8, 3.0, 1.4]"
0535.jpg,"[1.0, 3.2, 3.6]"
0536.jpg,"[1.6, 2.4, 3.0]"
0537.jpg,"[4.0, 2.2, 2.6]"
0538.jpg,"[1.2, 2.4, 3.6]"
0539.jpg,"[2.4, 1.6, 2.8]"
0540.jpg,"[0.8, 3.2, 4.0]"
0541.jpg,"[1.0, 3.0, 3.8]"
0542.jpg,"[3.4, 2.6, 1.2]"
0543.jpg,"[1.4, 2.6, 3.0]"
0544.jpg,"[0.8, 3.0, 4.4]"
0545.jpg,"[0.8, 4.2, 4.0]"
0546.jpg,"[1.0, 4.0, 3.2]"
0547.jpg,"[1.0, 3.8, 2.4]"
0548.jpg,"[1.0, 2.6, 4.0]"
0549.jpg,"[2.0, 2.0, 2.6]"
0550.jpg,"[1.0, 4.2, 2.0]"
0551.jpg,"[2.8, 2.4, 1.0]"
0552.jpg,"[4.0, 1.2, 1.0]"
0553.jpg,"[1.2, 2.6, 4.4]"
0554.jpg,"[2.2, 2.6, 2.4]"
0555.jpg,"[5.0, 1.2, 1.2]"
0556.jpg,"[4.2, 2.6, 1.8]"
0557.jpg,"[4.2, 1.2, 1.0]"
0558.jpg,"[3.6, 1.6, 2.0]"
0559.jpg,"[1.0, 3.2, 3.6]"
0560.jpg,"[3.2, 3.2, 2.2]"
0561.jpg,"[3.8, 2.0, 1.6]"
0562.jpg,"[1.0, 2.6, 3.8]"
0563.jpg,"[3.8, 1.4, 1.0]"
0564.jpg,"[4.4, 0.8, 0.8]"
0565.jpg,"[0.6, 3.4, 4.6]"
0566.jpg,"[3.6, 2.6, 1.2]"
0567.jpg,"[0.8, 3.0, 4.2]"
0568.jpg,"[0.6, 4.6, 2.4]"
0569.jpg,"[0.6, 4.0, 3.8]"
0570.jpg,"[0.8, 3.4, 3.8]"
0571.jpg,"[0.8, 3.4, 4.2]"
0572.jpg,"[1.0, 2.8, 3.2]"
0573.jpg,"[4.2, 1.2, 1.4]"
0574.jpg,"[4.2, 1.0, 2.0]"
0575.jpg,"[0.8, 2.4, 4.0]"
0576.jpg,"[3.6, 1.2, 1.0]"
0577.jpg,"[4.8, 0.6, 0.6]"
0578.jpg,"[2.2, 2.6, 3.0]"
0579.jpg,"[4.0, 1.2, 1.0]"
0580.jpg,"[2.6, 3.4, 1.4]"
0581.jpg,"[0.8, 2.2, 4.4]"
0582.jpg,"[2.8, 2.2, 2.0]"
0583.jpg,"[0.8, 2.8, 3.4]"
0584.jpg,"[0.8, 3.4, 3.8]"
0585.jpg,"[3.6, 2.4, 1.0]"
0586.jpg,"[4.4, 2.2, 1.0]"
0587.jpg,"[0.8, 3.4, 4.2]"
0588.jpg,"[4.2, 1.4, 1.4]"
0589.jpg,"[1.0, 2.8, 3.4]"
0590.jpg,"[1.6, 1.8, 3.0]"
0591.jpg,"[1.0, 3.4, 4.2]"
0592.jpg,"[0.6, 3.6, 3.8]"
0593.jpg,"[4.6, 2.0, 1.4]"
0594.jpg,"[2.4, 1.8, 1.8]"
0595.jpg,"[1.0, 3.2, 3.6]"
0596.jpg,"[2.2, 3.8, 0.8]"
0597.jpg,"[0.6, 3.2, 4.2]"
0598.jpg,"[0.6, 2.4, 4.6]"
0599.jpg,"[4.6, 1.4, 1.0]"
0600.jpg,"[0.8, 3.0, 3.2]"
0601.jpg,"[3.6, 2.0, 2.4]"
0602.jpg,"[4.0, 1.0, 1.6]"
0603.jpg,"[1.0, 2.8, 3.0]"
0604.jpg,"[1.0, 3.4, 3.2]"
0605.jpg,"[2.8, 2.8, 2.4]"
0606.jpg,"[1.2, 4.0, 3.4]"
0607.jpg,"[1.2, 3.0, 3.6]"
0608.jpg,"[1.4, 2.8, 3.2]"
0609.jpg,"[3.0, 2.0, 2.2]"
0610.jpg,"[0.8, 4.0, 3.0]"
0611.jpg,"[0.8, 2.0, 3.2]"
0612.jpg,"[0.8, 4.4, 4.2]"
0613.jpg,"[1.2, 3.0, 3.6]"
0614.jpg,"[3.6, 1.6, 1.0]"
0615.jpg,"[0.8, 3.0, 2.8]"
0616.jpg,"[1.4, 2.2, 2.0]"
0617.jpg,"[1.4, 3.8, 2.4]"
0618.jpg,"[1.0, 3.4, 3.8]"
0619.jpg,"[4.0, 1.4, 1.0]"
0620.jpg,"[4.0, 1.4, 1.0]"
0621.jpg,"[1.2, 2.8, 4.0]"
0622.jpg,"[0.8, 3.4, 3.4]"
0623.jpg,"[1.0, 3.6, 3.8]"
0624.jpg,"[1.6, 2.6, 2.6]"
0625.jpg,"[2.6, 2.2, 1.8]"
0626.jpg,"[0.6, 2.6, 4.6]"
0627.jpg,"[0.8, 2.8, 3.6]"
0628.jpg,"[3.8, 1.6, 1.2]"
0629.jpg,"[1.4, 1.6, 2.4]"
0630.jpg,"[3.8, 2.2, 1.0]"
0631.jpg,"[4.2, 1.0, 1.8]"
0632.jpg,"[3.4, 1.6, 1.2]"
0633.jpg,"[2.0, 2.2, 2.2]"
0634.jpg,"[0.6, 3.8, 3.2]"
0635.jpg,"[0.8, 3.4, 3.8]"
0636.jpg,"[3.6, 1.4, 1.0]"
0637.jpg,"[2.8, 2.4, 2.2]"
0638.jpg,"[4.4, 1.0, 1.0]"
0639.jpg,"[3.0, 2.0, 2.2]"
0640.jpg,"[2.6, 3.2, 1.4]"
0641.jpg,"[3.8, 0.8, 1.4]"
0642.jpg,"[3.4, 1.4, 0.8]"
0643.jpg,"[4.0, 2.2, 1.2]"
0644.jpg,"[0.8, 2.4, 3.8]"
0645.jpg,"[2.0, 2.8, 3.2]"
0646.jpg,"[2.8, 1.6, 2.4]"
0647.jpg,"[1.0, 3.2, 3.6]"
0648.jpg,"[0.6, 2.2, 4.8]"
0649.jpg,"[1.0, 3.6, 3.0]"
0650.jpg,"[1.0, 3.2, 4.0]"
0651.jpg,"[2.0, 3.2, 1.6]"
0652.jpg,"[3.6, 1.8, 1.6]"
0653.jpg,"[3.2, 2.0, 1.4]"
0654.jpg,"[1.2, 3.0, 4.0]"
0655.jpg,"[3.4, 1.8, 1.2]"
0656.jpg,"[0.6, 3.8, 4.4]"
0657.jpg,"[0.8, 2.8, 3.8]"
0658.jpg,"[4.0, 1.6, 1.4]"
0659.jpg,"[0.8, 2.2, 4.4]"
0660.jpg,"[4.2, 2.2, 0.6]"
0661.jpg,"[0.8, 1.8, 2.0]"
0662.jpg,"[2.8, 2.0, 2.0]"
0663.jpg,"[3.6, 0.2, 1.2]"
0664.jpg,"[0.2, 2.8, 3.0]"
0665.jpg,"[4.8, 0.0, 0.2]"
0666.jpg,"[3.2, 0.2, 1.2]"
0667.jpg,"[3.0, 0.4, 0.6]"
0668.jpg,"[0.2, 2.0, 2.4]"
0669.jpg,"[4.8, 0.0, 0.0]"
0670.jpg,"[4.4, 0.2, 0.4]"
0671.jpg,"[4.8, 0.2, 0.2]"
0672.jpg,"[0.8, 1.6, 3.6]"
0673.jpg,"[1.2, 1.8, 2.2]"
0674.jpg,"[0.0, 2.8, 3.0]"
0675.jpg,"[0.6, 1.4, 2.4]"
0676.jpg,"[3.0, 0.6, 0.8]"
0677.jpg,"[3.4, 1.0, 1.0]"
0678.jpg,"[4.6, 0.2, 0.2]"
0679.jpg,"[0.8, 2.4, 2.4]"
0680.jpg,"[0.2, 1.4, 3.8]"
0681.jpg,"[2.4, 2.4, 0.6]"
0682.jpg,"[0.2, 2.2, 2.6]"
0683.jpg,"[4.4, 0.2, 0.4]"
0684.jpg,"[0.2, 2.4, 3.4]"
0685.jpg,"[0.2, 3.0, 2.6]"
0686.jpg,"[0.0, 1.0, 4.0]"
0687.jpg,"[0.0, 1.2, 2.2]"
0688.jpg,"[0.0, 2.2, 3.0]"
0689.jpg,"[0.8, 2.6, 1.0]"
0690.jpg,"[1.2, 0.8, 3.2]"
0691.jpg,"[0.2, 1.0, 3.2]"
0692.jpg,"[3.4, 0.4, 0.4]"
0693.jpg,"[2.6, 0.8, 1.0]"
0694.jpg,"[3.6, 0.6, 0.2]"
0695.jpg,"[0.2, 1.6, 3.6]"
0696.jpg,"[4.0, 0.2, 0.2]"
0697.jpg,"[1.6, 2.4, 1.6]"
0698.jpg,"[0.8, 1.4, 3.0]"
0699.jpg,"[0.2, 0.8, 3.8]"
0700.jpg,"[4.4, 0.2, 0.6]"
0701.jpg,"[0.4, 1.6, 2.6]"
0702.jpg,"[3.2, 0.4, 0.2]"
0703.jpg,"[0.2, 3.4, 2.2]"
0704.jpg,"[2.8, 0.8, 0.4]"
0705.jpg,"[4.0, 0.2, 0.2]"
0706.jpg,"[4.6, 0.2, 0.2]"
0707.jpg,"[4.4, 0.2, 0.2]"
0708.jpg,"[2.0, 0.8, 1.0]"
0709.jpg,"[0.8, 2.8, 1.0]"
0710.jpg,"[0.2, 2.2, 3.6]"
0711.jpg,"[4.4, 0.2, 0.2]"
0712.jpg,"[3.6, 0.6, 1.0]"
0713.jpg,"[0.8, 2.4, 1.6]"
0714.jpg,"[1.2, 2.4, 2.4]"
0715.jpg,"[4.4, 0.2, 0.4]"
0716.jpg,"[4.0, 0.2, 0.4]"
0717.jpg,"[0.2, 3.4, 1.8]"
0718.jpg,"[2.0, 1.4, 1.0]"
0719.jpg,"[0.2, 1.4, 3.8]"
0720.jpg,"[0.2, 2.6, 1.8]"
0721.jpg,"[0.6, 2.6, 0.6]"
0722.jpg,"[0.2, 2.2, 3.0]"
0723.jpg,"[0.4, 3.4, 2.0]"
0724.jpg,"[0.2, 3.8, 2.2]"
0725.jpg,"[4.2, 0.0, 0.0]"
0726.jpg,"[0.2, 2.4, 3.0]"
0727.jpg,"[2.4, 1.2, 0.4]"
0728.jpg,"[3.0, 0.2, 1.4]"
0729.jpg,"[0.6, 1.6, 2.0]"
0730.jpg,"[0.4, 1.0, 4.0]"
0731.jpg,"[3.6, 1.0, 0.2]"
0732.jpg,"[3.8, 0.2, 0.2]"
0733.jpg,"[3.8, 0.2, 0.4]"
0734.jpg,"[4.0, 0.0, 0.2]"
0735.jpg,"[0.2, 1.4, 2.4]"
0736.jpg,"[3.2, 0.2, 0.6]"
0737.jpg,"[4.2, 0.0, 0.0]"
0738.jpg,"[3.2, 0.2, 0.8]"
0739.jpg,"[1.0, 0.4, 2.2]"
0740.jpg,"[0.0, 1.6, 3.8]"
0741.jpg,"[3.4, 0.2, 0.2]"
0742.jpg,"[0.2, 3.0, 2.0]"
0743.jpg,"[0.4, 1.0, 2.2]"
0744.jpg,"[0.4, 1.2, 2.4]"
0745.jpg,"[0.2, 1.6, 2.8]"
0746.jpg,"[1.0, 1.2, 1.0]"
0747.jpg,"[4.4, 0.2, 0.2]"
0748.jpg,"[2.8, 0.2, 0.2]"
0749.jpg,"[0.6, 1.4, 2.0]"
0750.jpg,"[0.6, 1.4, 1.8]"
0751.jpg,"[4.2, 0.2, 0.0]"
0752.jpg,"[0.8, 1.0, 1.2]"
0753.jpg,"[0.6, 1.0, 1.2]"
0754.jpg,"[0.6, 2.2, 1.0]"
0755.jpg,"[4.6, 0.0, 0.2]"
0756.jpg,"[0.0, 1.4, 2.6]"
0757.jpg,"[0.2, 0.8, 3.8]"
0758.jpg,"[4.2, 0.2, 0.2]"
0759.jpg,"[0.2, 0.8, 2.2]"
0760.jpg,"[4.0, 0.2, 0.2]"
0761.jpg,"[1.4, 1.0, 0.4]"
0762.jpg,"[1.4, 1.2, 0.8]"
0763.jpg,"[2.0, 0.8, 0.6]"
0764.jpg,"[4.6, 0.0, 0.0]"
0765.jpg,"[0.0, 0.4, 3.8]"
0766.jpg,"[4.4, 0.2, 0.2]"
0767.jpg,"[0.0, 3.2, 1.0]"
0768.jpg,"[2.0, 0.2, 0.0]"
0769.jpg,"[4.0, 0.0, 0.0]"
0770.jpg,"[0.0, 0.8, 2.8]"
0771.jpg,"[0.0, 1.4, 2.6]"
0772.jpg,"[0.6, 1.2, 1.4]"
0773.jpg,"[4.0, 0.0, 0.0]"
0774.jpg,"[2.6, 0.2, 0.0]"
0775.jpg,"[0.0, 2.4, 2.8]"
0776.jpg,"[0.0, 1.6, 1.8]"
0777.jpg,"[2.8, 0.2, 0.2]"
0778.jpg,"[0.0, 0.2, 2.2]"
0779.jpg,"[1.4, 0.2, 0.6]"
0780.jpg,"[0.6, 0.8, 1.8]"
0781.jpg,"[0.6, 0.8, 0.8]"
0782.jpg,"[4.0, 0.2, 0.2]"
0783.jpg,"[0.0, 1.8, 2.2]"
0784.jpg,"[3.6, 0.6, 0.4]"
0785.jpg,"[0.0, 1.4, 1.8]"
0786.jpg,"[0.2, 1.8, 1.6]"
0787.jpg,"[0.2, 0.6, 0.8]"
0788.jpg,"[0.2, 2.2, 1.2]"
0789.jpg,"[0.2, 0.6, 4.6]"
0790.jpg,"[0.0, 2.4, 4.2]"
0791.jpg,"[2.8, 0.0, 0.4]"
0792.jpg,"[1.2, 0.4, 0.6]"
0793.jpg,"[4.2, 0.0, 0.0]"
0794.jpg,"[0.8, 1.4, 1.0]"
0795.jpg,"[0.2, 2.0, 0.8]"
0796.jpg,"[0.0, 1.8, 2.2]"
0797.jpg,"[2.2, 0.2, 0.6]"
0798.jpg,"[4.4, 0.2, 0.2]"
0799.jpg,"[0.2, 1.2, 2.2]"
0800.jpg,"[0.0, 0.4, 4.0]"
0801.jpg,"[1.8, 2.0, 1.6]"
0802.jpg,"[2.4, 0.2, 0.2]"
0803.jpg,"[0.0, 1.8, 0.6]"
0804.jpg,"[0.2, 1.2, 1.8]"
0805.jpg,"[4.6, 0.0, 0.4]"
0806.jpg,"[1.6, 0.8, 0.8]"
0807.jpg,"[0.0, 0.6, 4.0]"
0808.jpg,"[2.6, 0.2, 0.2]"
0809.jpg,"[0.2, 1.2, 1.4]"
0810.jpg,"[0.0, 1.0, 2.2]"
0811.jpg,"[3.4, 0.2, 0.2]"
0812.jpg,"[0.0, 0.4, 2.8]"
0813.jpg,"[0.0, 0.4, 4.0]"
0814.jpg,"[0.4, 0.4, 3.8]"
0815.jpg,"[2.0, 0.0, 0.4]"
0816.jpg,"[0.2, 0.4, 3.4]"
0817.jpg,"[3.8, 0.0, 0.0]"
0818.jpg,"[0.0, 2.6, 1.0]"
0819.jpg,"[2.0, 0.8, 0.2]"
0820.jpg,"[1.4, 0.6, 1.0]"
0821.jpg,"[1.6, 0.0, 0.6]"
0822.jpg,"[1.6, 0.2, 1.0]"
0823.jpg,"[2.8, 0.2, 0.6]"
0824.jpg,"[0.0, 1.2, 2.0]"
0825.jpg,"[2.2, 0.2, 2.0]"
0826.jpg,"[0.6, 1.8, 1.8]"
0827.jpg,"[0.2, 0.8, 1.6]"
0828.jpg,"[3.2, 0.0, 0.4]"
0829.jpg,"[0.0, 2.2, 1.8]"
0830.jpg,"[0.8, 0.4, 1.0]"
0831.jpg,"[2.6, 0.2, 0.2]"
0832.jpg,"[0.0, 1.8, 1.2]"
0833.jpg,"[0.2, 0.6, 1.6]"
0834.jpg,"[2.8, 0.2, 0.4]"
0835.jpg,"[1.2, 1.2, 0.2]"
0836.jpg,"[3.2, 0.0, 0.0]"
0837.jpg,"[4.6, 0.0, 0.0]"
0838.jpg,"[2.0, 0.4, 0.8]"
0839.jpg,"[4.0, 0.0, 0.0]"
0840.jpg,"[0.0, 1.6, 2.0]"
0841.jpg,"[0.0, 1.2, 3.2]"
0842.jpg,"[0.0, 2.0, 3.0]"
0843.jpg,"[2.0, 0.0, 2.2]"
0844.jpg,"[0.0, 0.2, 4.6]"
0845.jpg,"[1.2, 3.4, 0.0]"
0846.jpg,"[1.2, 2.0, 0.2]"
0847.jpg,"[3.6, 0.0, 1.0]"
0848.jpg,"[2.8, 0.2, 0.2]"
0849.jpg,"[0.6, 1.6, 0.6]"
0850.jpg,"[0.0, 1.4, 1.6]"
0851.jpg,"[3.2, 0.0, 0.0]"
0852.jpg,"[1.6, 0.0, 3.2]"
0853.jpg,"[2.4, 0.0, 0.2]"
0854.jpg,"[2.6, 0.0, 0.0]"
0855.jpg,"[0.2, 1.6, 3.4]"
0856.jpg,"[0.0, 2.2, 2.4]"
0857.jpg,"[0.0, 1.2, 3.0]"
0858.jpg,"[4.0, 0.0, 0.0]"
0859.jpg,"[0.0, 2.4, 1.2]"
0860.jpg,"[3.8, 0.0, 0.0]"
0861.jpg,"[0.0, 1.0, 3.0]"
0862.jpg,"[3.4, 0.2, 0.2]"
0863.jpg,"[0.0, 0.0, 3.6]"
0864.jpg,"[0.0, 1.4, 3.0]"
0865.jpg,"[0.0, 2.0, 0.4]"
0866.jpg,"[3.6, 0.0, 0.0]"
0867.jpg,"[3.2, 0.0, 0.0]"
0868.jpg,"[3.0, 0.0, 0.0]"
0869.jpg,"[3.8, 0.0, 0.0]"
0870.jpg,"[1.8, 0.6, 0.2]"
0871.jpg,"[3.0, 0.0, 0.2]"
0872.jpg,"[2.4, 0.0, 0.2]"
0873.jpg,"[0.8, 0.6, 2.2]"
0874.jpg,"[0.0, 2.8, 1.8]"
0875.jpg,"[0.0, 1.4, 1.8]"
0876.jpg,"[0.0, 1.2, 1.8]"
0877.jpg,"[3.4, 0.0, 0.2]"
0878.jpg,"[0.4, 0.6, 1.4]"
0879.jpg,"[1.2, 1.0, 2.0]"
0880.jpg,"[0.0, 0.8, 3.8]"
0881.jpg,"[2.8, 1.6, 1.0]"
0882.jpg,"[4.0, 0.8, 0.2]"
0883.jpg,"[3.2, 3.2, 0.8]"
0884.jpg,"[2.0, 1.6, 2.2]"
0885.jpg,"[2.6, 1.8, 1.8]"
0886.jpg,"[4.0, 1.2, 0.6]"
0887.jpg,"[3.0, 0.2, 0.2]"
0888.jpg,"[0.4, 3.8, 2.6]"
0889.jpg,"[0.0, 4.4, 3.0]"
0890.jpg,"[4.8, 0.4, 0.6]"
0891.jpg,"[0.4, 2.0, 4.8]"
0892.jpg,"[0.0, 2.6, 2.4]"
0893.jpg,"[0.0, 1.8, 3.2]"
0894.jpg,"[1.0, 3.6, 2.2]"
0895.jpg,"[1.6, 1.6, 1.8]"
0896.jpg,"[1.4, 2.6, 1.4]"
0897.jpg,"[2.8, 1.0, 0.6]"
0898.jpg,"[3.4, 2.0, 1.2]"
0899.jpg,"[1.0, 1.4, 1.4]"
0900.jpg,"[0.6, 1.4, 4.8]"
0901.jpg,"[4.0, 1.6, 0.6]"
0902.jpg,"[4.2, 1.0, 0.6]"
0903.jpg,"[3.4, 1.0, 1.0]"
0904.jpg,"[1.6, 1.6, 2.2]"
0905.jpg,"[3.8, 2.2, 0.4]"
0906.jpg,"[1.4, 1.2, 1.6]"
0907.jpg,"[0.0, 1.6, 3.6]"
0908.jpg,"[1.6, 2.0, 1.8]"
0909.jpg,"[4.4, 0.6, 0.6]"
0910.jpg,"[0.6, 1.4, 3.0]"
0911.jpg,"[2.2, 1.0, 0.4]"
0912.jpg,"[0.6, 0.8, 4.0]"
0913.jpg,"[0.2, 4.2, 2.0]"
0914.jpg,"[0.2, 1.2, 0.8]"
0915.jpg,"[0.0, 1.2, 4.6]"
0916.jpg,"[0.2, 2.8, 1.6]"
0917.jpg,"[3.4, 1.0, 0.8]"
0918.jpg,"[2.6, 0.2, 0.2]"
0919.jpg,"[2.2, 0.2, 0.6]"
0920.jpg,"[3.6, 0.6, 0.0]"
0921.jpg,"[0.0, 1.4, 3.0]"
0922.jpg,"[0.0, 2.4, 2.8]"
0923.jpg,"[0.0, 1.6, 4.8]"
0924.jpg,"[2.8, 2.4, 1.0]"
0925.jpg,"[4.0, 0.4, 0.4]"
0926.jpg,"[4.2, 0.8, 0.0]"
0927.jpg,"[0.0, 2.8, 3.2]"
0928.jpg,"[0.0, 2.0, 2.8]"
0929.jpg,"[0.0, 1.0, 4.0]"
0930.jpg,"[0.2, 1.0, 2.8]"
0931.jpg,"[0.0, 1.0, 4.2]"
0932.jpg,"[3.2, 1.0, 1.0]"
0933.jpg,"[0.0, 2.2, 2.4]"
0934.jpg,"[2.0, 1.0, 1.2]"
0935.jpg,"[0.0, 3.2, 2.2]"
0936.jpg,"[4.2, 0.2, 0.0]"
0937.jpg,"[3.2, 0.8, 0.6]"
0938.jpg,"[3.0, 1.0, 0.6]"
0939.jpg,"[0.4, 2.2, 3.4]"
0940.jpg,"[2.6, 1.0, 2.0]"
0941.jpg,"[0.6, 1.6, 2.2]"
0942.jpg,"[0.2, 2.2, 3.0]"
0943.jpg,"[0.0, 1.2, 4.4]"
0944.jpg,"[0.2, 3.0, 1.0]"
0945.jpg,"[2.0, 1.4, 0.8]"
0946.jpg,"[4.4, 0.8, 0.8]"
0947.jpg,"[2.0, 1.4, 1.2]"
0948.jpg,"[0.0, 1.2, 3.0]"
0949.jpg,"[0.0, 1.0, 4.2]"
0950.jpg,"[0.0, 1.6, 2.6]"
0951.jpg,"[0.2, 1.2, 2.4]"
0952.jpg,"[0.8, 1.4, 1.8]"
0953.jpg,"[3.0, 0.0, 0.0]"
0954.jpg,"[3.4, 0.0, 0.6]"
0955.jpg,"[0.0, 2.8, 3.0]"
0956.jpg,"[4.0, 0.2, 0.0]"
0957.jpg,"[2.6, 0.6, 0.6]"
0958.jpg,"[2.4, 1.0, 0.8]"
0959.jpg,"[5.0, 0.0, 0.0]"
0960.jpg,"[0.2, 1.6, 3.2]"
0961.jpg,"[0.0, 2.6, 2.2]"
0962.jpg,"[4.4, 1.2, 0.0]"
0963.jpg,"[0.0, 1.2, 3.6]"
0964.jpg,"[0.0, 4.2, 1.4]"
0965.jpg,"[3.4, 0.4, 0.8]"
0966.jpg,"[0.2, 2.6, 2.0]"
0967.jpg,"[0.4, 0.0, 1.0]"
0968.jpg,"[0.0, 1.2, 2.8]"
0969.jpg,"[0.4, 0.8, 2.8]"
0970.jpg,"[0.4, 1.8, 3.0]"
0971.jpg,"[0.0, 2.2, 3.0]"
0972.jpg,"[4.0, 0.6, 0.0]"
0973.jpg,"[4.4, 0.0, 0.0]"
0974.jpg,"[0.2, 2.8, 1.2]"
0975.jpg,"[0.0, 0.6, 3.2]"
0976.jpg,"[1.2, 1.8, 1.2]"
0977.jpg,"[2.8, 0.6, 1.6]"
0978.jpg,"[3.6, 1.0, 0.0]"
0979.jpg,"[4.8, 0.0, 0.2]"
0980.jpg,"[0.0, 2.4, 2.6]"
0981.jpg,"[0.4, 1.6, 2.4]"
0982.jpg,"[2.4, 0.2, 0.6]"
0983.jpg,"[4.4, 0.8, 0.8]"
0984.jpg,"[1.2, 1.8, 1.4]"
0985.jpg,"[1.0, 2.0, 2.0]"
0986.jpg,"[0.2, 3.0, 4.2]"
0987.jpg,"[0.0, 1.8, 4.2]"
0988.jpg,"[2.4, 1.2, 1.4]"
0989.jpg,"[3.8, 0.2, 0.4]"
0990.jpg,"[1.2, 0.8, 2.4]"
0991.jpg,"[0.2, 2.6, 1.8]"
0992.jpg,"[3.8, 0.2, 0.0]"
0993.jpg,"[4.8, 0.2, 0.0]"
0994.jpg,"[2.6, 2.0, 0.4]"
0995.jpg,"[0.0, 1.0, 3.2]"
0996.jpg,"[2.8, 0.4, 0.2]"
0997.jpg,"[0.6, 0.8, 0.6]"
0998.jpg,"[0.0, 1.4, 4.0]"
0999.jpg,"[4.2, 0.6, 0.0]"
1000.jpg,"[3.8, 0.6, 0.0]"
1001.jpg,"[4.2, 0.2, 0.0]"
1002.jpg,"[0.0, 3.2, 1.8]"
1003.jpg,"[0.0, 1.6, 3.4]"
1004.jpg,"[2.2, 1.0, 0.8]"
1005.jpg,"[0.0, 0.8, 4.2]"
1006.jpg,"[0.0, 3.4, 1.8]"
1007.jpg,"[0.2, 0.8, 1.4]"
1008.jpg,"[3.8, 0.4, 0.0]"
1009.jpg,"[5.0, 0.2, 0.0]"
1010.jpg,"[4.0, 1.0, 0.6]"
1011.jpg,"[2.4, 1.2, 1.2]"
1012.jpg,"[0.2, 1.6, 2.2]"
1013.jpg,"[1.2, 1.2, 0.6]"
1014.jpg,"[3.0, 1.0, 1.0]"
1015.jpg,"[0.6, 1.8, 2.4]"
1016.jpg,"[0.0, 3.4, 1.2]"
1017.jpg,"[2.8, 1.2, 0.0]"
1018.jpg,"[3.4, 0.0, 0.0]"
1019.jpg,"[4.0, 0.0, 0.0]"
1020.jpg,"[0.4, 1.4, 3.0]"
1021.jpg,"[3.4, 0.2, 0.2]"
1022.jpg,"[3.6, 0.2, 0.4]"
1023.jpg,"[3.6, 0.4, 0.0]"
1024.jpg,"[1.4, 1.8, 0.2]"
1025.jpg,"[0.2, 2.2, 2.6]"
1026.jpg,"[1.8, 2.0, 2.0]"
1027.jpg,"[2.0, 1.0, 1.0]"
1028.jpg,"[3.0, 0.8, 1.2]"
1029.jpg,"[0.2, 1.8, 4.0]"
1030.jpg,"[1.4, 1.4, 1.4]"
1031.jpg,"[0.0, 2.4, 3.0]"
1032.jpg,"[0.0, 3.8, 1.6]"
1033.jpg,"[0.0, 1.0, 3.2]"
1034.jpg,"[0.8, 2.6, 0.4]"
1035.jpg,"[4.0, 0.4, 0.4]"
1036.jpg,"[0.0, 1.4, 1.8]"
1037.jpg,"[0.4, 0.8, 2.4]"
1038.jpg,"[0.8, 2.4, 1.4]"
1039.jpg,"[4.0, 0.2, 0.4]"
1040.jpg,"[0.2, 1.8, 2.2]"
1041.jpg,"[0.2, 0.8, 2.6]"
1042.jpg,"[2.2, 0.8, 0.4]"
1043.jpg,"[3.4, 0.4, 1.0]"
1044.jpg,"[0.0, 1.0, 2.0]"
1045.jpg,"[4.0, 0.2, 0.4]"
1046.jpg,"[1.0, 1.4, 2.6]"
1047.jpg,"[0.0, 1.6, 3.8]"
1048.jpg,"[0.0, 2.6, 2.0]"
1049.jpg,"[1.4, 2.4, 2.2]"
1050.jpg,"[0.2, 3.2, 1.2]"
1051.jpg,"[0.0, 1.8, 1.6]"
1052.jpg,"[2.6, 1.6, 0.4]"
1053.jpg,"[4.0, 0.4, 0.2]"
1054.jpg,"[0.6, 1.0, 2.8]"
1055.jpg,"[3.8, 1.6, 0.0]"
1056.jpg,"[0.0, 1.8, 2.2]"
1057.jpg,"[2.2, 1.2, 1.0]"
1058.jpg,"[3.0, 0.0, 1.2]"
1059.jpg,"[0.0, 1.8, 1.8]"
1060.jpg,"[0.0, 1.4, 2.8]"
1061.jpg,"[0.0, 0.6, 2.4]"
1062.jpg,"[0.2, 1.2, 1.2]"
1063.jpg,"[3.4, 1.0, 0.0]"
1064.jpg,"[2.4, 0.8, 1.4]"
1065.jpg,"[3.8, 0.6, 0.2]"
1066.jpg,"[2.2, 1.6, 0.4]"
1067.jpg,"[3.8, 0.0, 0.0]"
1068.jpg,"[0.6, 1.4, 1.8]"
1069.jpg,"[4.4, 0.2, 0.0]"
1070.jpg,"[4.6, 0.0, 0.0]"
1071.jpg,"[0.6, 2.2, 2.6]"
1072.jpg,"[3.0, 0.6, 0.6]"
1073.jpg,"[1.6, 1.2, 0.8]"
1074.jpg,"[1.8, 0.8, 0.6]"
1075.jpg,"[3.2, 1.4, 0.6]"
1076.jpg,"[2.0, 1.6, 1.4]"
1077.jpg,"[1.0, 2.4, 1.0]"
1078.jpg,"[1.8, 0.8, 0.6]"
1079.jpg,"[0.8, 1.8, 1.2]"
1080.jpg,"[0.2, 2.2, 3.4]"
1081.jpg,"[0.0, 4.8, 3.2]"
1082.jpg,"[0.0, 1.2, 1.8]"
1083.jpg,"[1.6, 0.8, 1.2]"
1084.jpg,"[0.0, 1.8, 3.0]"
1085.jpg,"[0.2, 2.0, 1.4]"
1086.jpg,"[0.4, 0.8, 2.8]"
1087.jpg,"[0.2, 1.4, 2.8]"
1088.jpg,"[3.2, 0.8, 0.2]"
1089.jpg,"[0.8, 0.8, 0.4]"
1090.jpg,"[0.0, 1.8, 2.8]"
1091.jpg,"[2.8, 0.4, 0.4]"
1092.jpg,"[0.0, 2.6, 1.6]"
1093.jpg,"[1.2, 1.0, 2.4]"
1094.jpg,"[0.2, 1.0, 3.0]"
1095.jpg,"[4.0, 0.0, 0.2]"
1096.jpg,"[4.6, 0.0, 0.0]"
1097.jpg,"[0.0, 1.4, 1.0]"
1098.jpg,"[0.0, 2.0, 2.0]"
1099.jpg,"[0.0, 0.8, 2.0]"
1100.jpg,"[0.0, 2.4, 2.8]"
